"","x"
"1","TCGA-A1-A0SK-01"
"2","TCGA-A1-A0SO-01"
"3","TCGA-A1-A0SP-01"
"4","TCGA-A2-A04P-01"
"5","TCGA-A2-A04Q-01"
"6","TCGA-A2-A04T-01"
"7","TCGA-A2-A04U-01"
"8","TCGA-A2-A0CM-01"
"9","TCGA-A2-A0D0-01"
"10","TCGA-A2-A0D2-01"
"11","TCGA-A2-A0ST-01"
"12","TCGA-A2-A0SX-01"
"13","TCGA-A2-A0T0-01"
"14","TCGA-A2-A0T2-01"
"15","TCGA-A2-A0YE-01"
"16","TCGA-A2-A0YJ-01"
"17","TCGA-A2-A0YM-01"
"18","TCGA-A2-A1G1-01"
"19","TCGA-A2-A25F-01"
"20","TCGA-A2-A3XT-01"
"21","TCGA-A2-A3XU-01"
"22","TCGA-A2-A3XX-01"
"23","TCGA-A2-A3Y0-01"
"24","TCGA-A2-A4S1-01"
"25","TCGA-A7-A0CE-01"
"26","TCGA-A7-A0DA-01"
"27","TCGA-A7-A13D-01"
"28","TCGA-A7-A13E-01"
"29","TCGA-A7-A26F-01"
"30","TCGA-A7-A26G-01"
"31","TCGA-A7-A26I-01"
"32","TCGA-A7-A4SD-01"
"33","TCGA-A7-A4SE-01"
"34","TCGA-A7-A5ZV-01"
"35","TCGA-A7-A6VV-01"
"36","TCGA-A7-A6VW-01"
"37","TCGA-A7-A6VY-01"
"38","TCGA-A8-A07O-01"
"39","TCGA-A8-A07U-01"
"40","TCGA-A8-A08R-01"
"41","TCGA-AC-A2BK-01"
"42","TCGA-AC-A2QH-01"
"43","TCGA-AC-A62X-01"
"44","TCGA-AC-A6IW-01"
"45","TCGA-AC-A7VC-01"
"46","TCGA-AC-A8OQ-01"
"47","TCGA-AN-A04D-01"
"48","TCGA-AN-A0AL-01"
"49","TCGA-AN-A0AR-01"
"50","TCGA-AN-A0AT-01"
"51","TCGA-AN-A0FJ-01"
"52","TCGA-AN-A0FL-01"
"53","TCGA-AN-A0FX-01"
"54","TCGA-AN-A0XU-01"
"55","TCGA-AO-A0J4-01"
"56","TCGA-AO-A0J6-01"
"57","TCGA-AO-A124-01"
"58","TCGA-AO-A128-01"
"59","TCGA-AO-A129-01"
"60","TCGA-AO-A12F-01"
"61","TCGA-AO-A1KR-01"
"62","TCGA-AQ-A04J-01"
"63","TCGA-AR-A0TP-01"
"64","TCGA-AR-A0TS-01"
"65","TCGA-AR-A0U0-01"
"66","TCGA-AR-A0U4-01"
"67","TCGA-AR-A1AH-01"
"68","TCGA-AR-A1AI-01"
"69","TCGA-AR-A1AJ-01"
"70","TCGA-AR-A1AQ-01"
"71","TCGA-AR-A1AR-01"
"72","TCGA-AR-A1AY-01"
"73","TCGA-AR-A24Q-01"
"74","TCGA-AR-A251-01"
"75","TCGA-AR-A256-01"
"76","TCGA-AR-A5QQ-01"
"77","TCGA-B6-A0I1-01"
"78","TCGA-B6-A0I2-01"
"79","TCGA-B6-A0IJ-01"
"80","TCGA-B6-A0IQ-01"
"81","TCGA-B6-A0RE-01"
"82","TCGA-B6-A0RT-01"
"83","TCGA-B6-A0RU-01"
"84","TCGA-B6-A0WX-01"
"85","TCGA-B6-A0X1-01"
"86","TCGA-B6-A1KF-01"
"87","TCGA-B6-A409-01"
"88","TCGA-BH-A0AV-01"
"89","TCGA-BH-A0B3-01"
"90","TCGA-BH-A0B9-01"
"91","TCGA-BH-A0BG-01"
"92","TCGA-BH-A0BL-01"
"93","TCGA-BH-A0BW-01"
"94","TCGA-BH-A0DL-01"
"95","TCGA-BH-A0E0-01"
"96","TCGA-BH-A0E6-01"
"97","TCGA-BH-A0RX-01"
"98","TCGA-BH-A0WA-01"
"99","TCGA-BH-A18G-01"
"100","TCGA-BH-A18Q-01"
"101","TCGA-BH-A18T-01"
"102","TCGA-BH-A18V-01"
"103","TCGA-BH-A1F0-01"
"104","TCGA-BH-A1F6-01"
"105","TCGA-BH-A1FC-01"
"106","TCGA-BH-A5IZ-01"
"107","TCGA-C8-A12K-01"
"108","TCGA-C8-A12V-01"
"109","TCGA-C8-A131-01"
"110","TCGA-C8-A134-01"
"111","TCGA-C8-A1HJ-01"
"112","TCGA-C8-A27B-01"
"113","TCGA-D8-A142-01"
"114","TCGA-D8-A143-01"
"115","TCGA-D8-A147-01"
"116","TCGA-D8-A1JK-01"
"117","TCGA-D8-A1JL-01"
"118","TCGA-D8-A1JM-01"
"119","TCGA-D8-A1XK-01"
"120","TCGA-D8-A1XQ-01"
"121","TCGA-D8-A27F-01"
"122","TCGA-D8-A27H-01"
"123","TCGA-D8-A27M-01"
"124","TCGA-E2-A14N-01"
"125","TCGA-E2-A14R-01"
"126","TCGA-E2-A14X-01"
"127","TCGA-E2-A14Y-01"
"128","TCGA-E2-A150-01"
"129","TCGA-E2-A158-01"
"130","TCGA-E2-A159-01"
"131","TCGA-E2-A1AZ-01"
"132","TCGA-E2-A1B6-01"
"133","TCGA-E2-A1II-01"
"134","TCGA-E2-A1LG-01"
"135","TCGA-E2-A1LH-01"
"136","TCGA-E2-A1LI-01"
"137","TCGA-E2-A1LK-01"
"138","TCGA-E2-A1LL-01"
"139","TCGA-E2-A573-01"
"140","TCGA-E2-A574-01"
"141","TCGA-E9-A1N8-01"
"142","TCGA-E9-A1N9-01"
"143","TCGA-E9-A1NC-01"
"144","TCGA-E9-A1ND-01"
"145","TCGA-E9-A22G-01"
"146","TCGA-E9-A243-01"
"147","TCGA-E9-A244-01"
"148","TCGA-E9-A3QA-01"
"149","TCGA-E9-A5FL-01"
"150","TCGA-EW-A1P4-01"
"151","TCGA-EW-A1P8-01"
"152","TCGA-EW-A1PB-01"
"153","TCGA-EW-A1PH-01"
"154","TCGA-EW-A6SB-01"
"155","TCGA-GM-A2DF-01"
"156","TCGA-GM-A3XL-01"
"157","TCGA-HN-A2NL-01"
"158","TCGA-LL-A5YP-01"
"159","TCGA-LL-A6FR-01"
"160","TCGA-LL-A73Y-01"
"161","TCGA-LL-A8F5-01"
"162","TCGA-OL-A5D7-01"
"163","TCGA-OL-A5RW-01"
"164","TCGA-OL-A5S0-01"
"165","TCGA-OL-A66I-01"
"166","TCGA-OL-A6VO-01"
"167","TCGA-PL-A8LV-01"
"168","TCGA-PL-A8LZ-01"
"169","TCGA-S3-AA0Z-01"
"170","TCGA-S3-AA10-01"
"171","TCGA-S3-AA15-01"
